feed	commit	source	overlay
packages	1be343f776e7b035b20357fa7e8dcd14c6e4fb61	https://git.openwrt.org/feed/packages.git^1be343f7	none
luci	e4c46338b196e486a88b1a75b78e283708c82bc4	https://git.openwrt.org/project/luci.git^e4c46338	none
routing	a9e43101bb726070cbf81b6225fc0625f4a4a5e5	https://git.openwrt.org/feed/routing.git^a9e43101	none
telephony	920fbc5c0a2e4badf51bceff42e9a1e3eb693462	https://git.openwrt.org/feed/telephony.git^920fbc5c	none
mtk_openwrt_feed	5fbb639c7ab50e92553da94f5920185859fd1f2b	https://github.com/mediatek/mtk-openwrt-feeds.git^5fbb639c	scripts/feed-patches/mtk_openwrt_feed/100-be14000-crypto-eip-pce.patch
gl_feed_common	487db81d10d5cf28d4a4968ebda719071081568c	https://github.com/gl-inet/gl-feeds.git^487db81d10d5cf28d4a4968ebda719071081568c	none
gl_feed_21_02	de1f0ca04af05a4b0556cf11e7597da375c722ff	https://github.com/gl-inet/gl-feeds.git^de1f0ca04af05a4b0556cf11e7597da375c722ff	none
gl_vpn_extra	a3c59128e6378646d057b2d56bf532930293095b	https://github.com/gl-inet/vpn-extra-feeds.git^a3c59128e6378646d057b2d56bf532930293095b	none
mptcp_feeds	2b8d5f3edf4647d0dc94e19d1dd5932d06d4704a	https://github.com/gl-inet/mptcp-feeds.git^2b8d5f3edf4647d0dc94e19d1dd5932d06d4704a	none
